{"20210701": {"Pd_Name": "Soda", "type": "1L", "price": "20", "Avail_Qty": 100, "Discount": "N/A"}, "20210702": {"Pd_Name": "Pepsi", "type": "1L", "price": "20", "Avail_Qty": 100, "Discount": "N/A"}, "20210703": {"Pd_Name": "Chips", "type": "1Kg", "price": "20", "Avail_Qty": 200, "Discount": "N/A"}, "20210704": {"Pd_Name": "PopCorn", "type": "1Kg", "price": "20", "Avail_Qty": 300, "Discount": "10%"}, "20210705": {"Pd_Name": "Bhujia", "type": "1Kg", "price": "200", "Avail_Qty": 60, "Discount": "10%"}, "20210706": {"Pd_Name": "Cashew", "type": "1Kg", "price": "800", "Avail_Qty": 450, "Discount": "20%"}, "20210707": {"Pd_Name": "Almonds", "type": "1Kg", "price": "900", "Avail_Qty": 100, "Discount": "20%"}, "20210708": {"Pd_Name": "Sugar", "type": "1Kg", "price": "40", "Avail_Qty": 1000, "Discount": "10%"}, "20210709": {"Pd_Name": "Salt", "type": "1Kg", "price": "30", "Avail_Qty": 1000, "Discount": "5%"}, "20210710": {"Pd_Name": "Aata", "type": "1Kg", "price": "70", "Avail_Qty": 1000, "Discount": "15%"}, "20210711": {"Pd_Name": "Nuts", "type": "1Kg", "price": "45", "Avail_Qty": 1000, "Discount": "N/A"}, "20210712": {"Pd_Name": "Maggie", "type": "1pk", "price": "10", "Avail_Qty": 100, "Discount": "N/A"}, "20210713": {"Pd_Name": "Noodels", "type": "1pk", "price": "20", "Avail_Qty": 100, "Discount": "10%"}, "20210714": {"Pd_Name": "Oil", "type": "1L", "price": "90", "Avail_Qty": 1500, "Discount": "10%"}, "20210715": {"Pd_Name": "Jaggry", "type": "1Kg", "price": "30", "Avail_Qty": 400, "Discount": "10%"}, "20210716": {"Pd_Name": "Poha", "type": "1Kg", "price": "45", "Avail_Qty": 350, "Discount": "N/A"}, "20210717": {"Pd_Name": "Aaloo", "type": "1Kg", "price": "20", "Avail_Qty": 20, "Discount": "N/A"}, "20210718": {"Pd_Name": "Tomato", "type": "1Kg", "price": "20", "Avail_Qty": 20, "Discount": "N/A"}, "20210719": {"Pd_Name": "Pickle", "type": "1Kg", "price": "100", "Avail_Qty": 100, "Discount": "10%"}, "20210720": {"Pd_Name": "Rice", "type": "1Kg", "price": "20", "Avail_Qty": 100, "Discount": "10%"}, "20210721": {"Pd_Name": "Wheat", "type": "1Kg", "price": "20", "Avail_Qty": 100, "Discount": "10%"}, "20210722": {"Pd_Name": "Apple", "type": "1Kg", "price": "40", "Avail_Qty": 100, "Discount": "10%"}, "20210723": {"Pd_Name": "Orange", "type": "1Kg", "price": "30", "Avail_Qty": 100, "Discount": "10%"}, "20210724": {"Pd_Name": "Soap", "type": "1pk", "price": "20", "Avail_Qty": 100, "Discount": "N/A"}, "20210725": {"Pd_Name": "Candy", "type": "1pk", "price": "20", "Avail_Qty": 100, "Discount": "N/A"}, "20210726": {"Pd_Name": "SanitiZer", "type": "1L", "price": "25", "Avail_Qty": 100, "Discount": "N/A"}, "20210727": {"Pd_Name": "Broom", "type": "1", "price": "20", "Avail_Qty": 100, "Discount": "N/A"}, "20210728": {"Pd_Name": "Kurkure", "type": "1pk", "price": "10", "Avail_Qty": 100, "Discount": "N/A"}, "20210729": {"Pd_Name": "Walnuts", "type": "1Kg", "price": "200", "Avail_Qty": 100, "Discount": "13%"}, "20210730": {"Pd_Name": "Football", "type": "1", "price": "300", "Avail_Qty": 96, "Discount": "N/A"}, "20210731": {"Pd_Name": "Paneer", "Type": "1Kg", "price": "400", "Avail_Qty": 99, "Discount": "11%"}, "20210732": {"Pd_Name": "dal", "Type": "1Kg", "price": "100", "Avail_Qty": 100, "Discount": "N/A"}}